"cell_id","group"
"aagciabl-1","Higher_than_2500_counts"
"aajneifj-1","Higher_than_2500_counts"
"aakobkdn-1","Higher_than_2500_counts"
"abgancaf-1","Higher_than_2500_counts"
"abheiodp-1","Higher_than_2500_counts"
"ablmoeaj-1","Higher_than_2500_counts"
"abmlddnl-1","Higher_than_2500_counts"
"abmmgfod-1","Higher_than_2500_counts"
"abnmhgmo-1","Higher_than_2500_counts"
"abnolfpc-1","Higher_than_2500_counts"
"abnopila-1","Higher_than_2500_counts"
"aboelkik-1","Higher_than_2500_counts"
"abpcnkib-1","Higher_than_2500_counts"
"abpeffnm-1","Higher_than_2500_counts"
"acclbbha-1","Higher_than_2500_counts"
"acdgdfgl-1","Higher_than_2500_counts"
"acjgobdh-1","Higher_than_2500_counts"
"aclhpgab-1","Higher_than_2500_counts"
"aclhpjig-1","Higher_than_2500_counts"
"acmpmhfp-1","Higher_than_2500_counts"
"aedaabma-1","Higher_than_2500_counts"
"affoblce-1","Higher_than_2500_counts"
"affohlia-1","Higher_than_2500_counts"
"agmgojkp-1","Higher_than_2500_counts"
"ahboocee-1","Higher_than_2500_counts"
"ahcbfjen-1","Higher_than_2500_counts"
"ahdcinol-1","Higher_than_2500_counts"
"ahdffefj-1","Higher_than_2500_counts"
"ahdhlgee-1","Higher_than_2500_counts"
"ahdicipk-1","Higher_than_2500_counts"
"ahdkjich-1","Higher_than_2500_counts"
"ahecljlo-1","Higher_than_2500_counts"
"ahedjpaa-1","Higher_than_2500_counts"
"ahffokmo-1","Higher_than_2500_counts"
"ahflodof-1","Higher_than_2500_counts"
"ahiajnpe-1","Higher_than_2500_counts"
"ahjhckba-1","Higher_than_2500_counts"
"ahjiibhn-1","Higher_than_2500_counts"
"ahkafecg-1","Higher_than_2500_counts"
"ahmidaig-1","Higher_than_2500_counts"
"ahnabike-1","Higher_than_2500_counts"
"ahopipen-1","Higher_than_2500_counts"
"ahopkpkg-1","Higher_than_2500_counts"
"aiajggof-1","Higher_than_2500_counts"
"aibkihil-1","Higher_than_2500_counts"
"aicefdjl-1","Higher_than_2500_counts"
"aicfnnno-1","Higher_than_2500_counts"
"aichcmcj-1","Higher_than_2500_counts"
"aidpmaol-1","Higher_than_2500_counts"
"aigmbalm-1","Higher_than_2500_counts"
"aihbgaod-1","Higher_than_2500_counts"
"aihbhiah-1","Higher_than_2500_counts"
"aihhaean-1","Higher_than_2500_counts"
"aihnhpfe-1","Higher_than_2500_counts"
"aihpalmk-1","Higher_than_2500_counts"
"aihpfbij-1","Higher_than_2500_counts"
"aiihakmg-1","Higher_than_2500_counts"
"aiijcomf-1","Higher_than_2500_counts"
"aiijinia-1","Higher_than_2500_counts"
"aikealhe-1","Higher_than_2500_counts"
"aineonib-1","Higher_than_2500_counts"
"ajaffkfk-1","Higher_than_2500_counts"
"ajbeoohj-1","Higher_than_2500_counts"
"ajfdonih-1","Higher_than_2500_counts"
"ajffbkna-1","Higher_than_2500_counts"
"ajgbipkc-1","Higher_than_2500_counts"
"ajgblnfe-1","Higher_than_2500_counts"
"ajimgchf-1","Higher_than_2500_counts"
"ajimglje-1","Higher_than_2500_counts"
"ajiojkgn-1","Higher_than_2500_counts"
"ajjkgpdp-1","Higher_than_2500_counts"
"ajjmmief-1","Higher_than_2500_counts"
"ajlgbaea-1","Higher_than_2500_counts"
"ajlnpdil-1","Higher_than_2500_counts"
"ajmcdbom-1","Higher_than_2500_counts"
"ajmheene-1","Higher_than_2500_counts"
"ajmhemph-1","Higher_than_2500_counts"
"ajmkkdml-1","Higher_than_2500_counts"
"ajoacofp-1","Higher_than_2500_counts"
"ajoaklgi-1","Higher_than_2500_counts"
"ajobailn-1","Higher_than_2500_counts"
"ajpdnnkl-1","Higher_than_2500_counts"
"ajpnflnd-1","Higher_than_2500_counts"
"akafpohc-1","Higher_than_2500_counts"
"akajfpja-1","Higher_than_2500_counts"
"akajlegb-1","Higher_than_2500_counts"
"akccaeno-1","Higher_than_2500_counts"
"akegpkko-1","Higher_than_2500_counts"
"akgdcafp-1","Higher_than_2500_counts"
"akkkpgfj-1","Higher_than_2500_counts"
"akleoogl-1","Higher_than_2500_counts"
"akocgpom-1","Higher_than_2500_counts"
"akomhbii-1","Higher_than_2500_counts"
"akpeflfh-1","Higher_than_2500_counts"
"akpomoka-1","Higher_than_2500_counts"
"akpoomcp-1","Higher_than_2500_counts"
"alaledkf-1","Higher_than_2500_counts"
"albcpjdd-1","Higher_than_2500_counts"
"alccnjop-1","Higher_than_2500_counts"
"ambccpge-1","Higher_than_2500_counts"
"ambiakhb-1","Higher_than_2500_counts"
"anklnefc-1","Higher_than_2500_counts"
"anlcjcff-1","Higher_than_2500_counts"
"anonjlai-1","Higher_than_2500_counts"
"anpcngah-1","Higher_than_2500_counts"
"aobmbcia-1","Higher_than_2500_counts"
"aockbpme-1","Higher_than_2500_counts"
"aojgbbod-1","Higher_than_2500_counts"
"bdgkmmda-1","Higher_than_2500_counts"
"beedobjp-1","Higher_than_2500_counts"
"beepmmjk-1","Higher_than_2500_counts"
"bffloobd-1","Higher_than_2500_counts"
"bfhjoofm-1","Higher_than_2500_counts"
"bflbjmje-1","Higher_than_2500_counts"
"bfllbjkg-1","Higher_than_2500_counts"
"bgejegib-1","Higher_than_2500_counts"
"bgfiljgf-1","Higher_than_2500_counts"
"bgopijno-1","Higher_than_2500_counts"
"bhchkhhp-1","Higher_than_2500_counts"
"bhelinmb-1","Higher_than_2500_counts"
"bifahaln-1","Higher_than_2500_counts"
"bjchholh-1","Higher_than_2500_counts"
"bkekbfhb-1","Higher_than_2500_counts"
"bkifilba-1","Higher_than_2500_counts"
"bphchlec-1","Higher_than_2500_counts"
"bpjegmem-1","Higher_than_2500_counts"
"cagknlee-1","Higher_than_2500_counts"
"cbddifna-1","Higher_than_2500_counts"
"cbimmamb-1","Higher_than_2500_counts"
"cbjehmfj-1","Higher_than_2500_counts"
"cbjflbbj-1","Higher_than_2500_counts"
"cbjggbha-1","Higher_than_2500_counts"
"cbjjlomi-1","Higher_than_2500_counts"
"cbjnegke-1","Higher_than_2500_counts"
"cblgmojm-1","Higher_than_2500_counts"
"cbllncll-1","Higher_than_2500_counts"
"cbmgnpfc-1","Higher_than_2500_counts"
"cbmpacpa-1","Higher_than_2500_counts"
"cbnbifjn-1","Higher_than_2500_counts"
"cbngdjdl-1","Higher_than_2500_counts"
"cbnofdej-1","Higher_than_2500_counts"
"cboadool-1","Higher_than_2500_counts"
"cboceljk-1","Higher_than_2500_counts"
"cboplkac-1","Higher_than_2500_counts"
"cbpcpnap-1","Higher_than_2500_counts"
"cbpendbl-1","Higher_than_2500_counts"
"cbpfnnhp-1","Higher_than_2500_counts"
"cbpgbbgo-1","Higher_than_2500_counts"
"ccbmeefd-1","Higher_than_2500_counts"
"ccbpajfi-1","Higher_than_2500_counts"
"ccddncof-1","Higher_than_2500_counts"
"ccecafjh-1","Higher_than_2500_counts"
"ccekbpbl-1","Higher_than_2500_counts"
"ccenngod-1","Higher_than_2500_counts"
"ccjphbgc-1","Higher_than_2500_counts"
"ccmlfmgm-1","Higher_than_2500_counts"
"ccpoibgg-1","Higher_than_2500_counts"
"ccpoicio-1","Higher_than_2500_counts"
"ccpoioil-1","Higher_than_2500_counts"
"ccpphhja-1","Higher_than_2500_counts"
"ccppjalm-1","Higher_than_2500_counts"
"cdabfadp-1","Higher_than_2500_counts"
"cdadadff-1","Higher_than_2500_counts"
"cdbpcfeb-1","Higher_than_2500_counts"
"cdbpmmkg-1","Higher_than_2500_counts"
"cdcfocpj-1","Higher_than_2500_counts"
"cdcohgij-1","Higher_than_2500_counts"
"cddapkej-1","Higher_than_2500_counts"
"cddphjeb-1","Higher_than_2500_counts"
"cdeekdfn-1","Higher_than_2500_counts"
"cdhpodkm-1","Higher_than_2500_counts"
"cdnehamb-1","Higher_than_2500_counts"
"ceabenjj-1","Higher_than_2500_counts"
"ceabjjmp-1","Higher_than_2500_counts"
"ceagmdea-1","Higher_than_2500_counts"
"cebhgefp-1","Higher_than_2500_counts"
"cebhkhga-1","Higher_than_2500_counts"
"cecgealc-1","Higher_than_2500_counts"
"ceedcfpj-1","Higher_than_2500_counts"
"cehladgj-1","Higher_than_2500_counts"
"cekdoleb-1","Higher_than_2500_counts"
"celkalbb-1","Higher_than_2500_counts"
"cfifkpkk-1","Higher_than_2500_counts"
"cfohbjgf-1","Higher_than_2500_counts"
"cgbfodig-1","Higher_than_2500_counts"
"cgbgookm-1","Higher_than_2500_counts"
"cgbjpbmk-1","Higher_than_2500_counts"
"cgbkhkmf-1","Higher_than_2500_counts"
"cgcaojnp-1","Higher_than_2500_counts"
"cgcbmpee-1","Higher_than_2500_counts"
"cgccdfof-1","Higher_than_2500_counts"
"cgdpdpbn-1","Higher_than_2500_counts"
"cgeccepi-1","Higher_than_2500_counts"
"cgefhkel-1","Higher_than_2500_counts"
"cgeiapbb-1","Higher_than_2500_counts"
"cgeichfe-1","Higher_than_2500_counts"
"cgelajnf-1","Higher_than_2500_counts"
"cgeplojp-1","Higher_than_2500_counts"
"cgfaignc-1","Higher_than_2500_counts"
"cgfhiinn-1","Higher_than_2500_counts"
"cggacebl-1","Higher_than_2500_counts"
"cgljpkjo-1","Higher_than_2500_counts"
"chggbgbd-1","Higher_than_2500_counts"
"chghnojd-1","Higher_than_2500_counts"
"chhbbome-1","Higher_than_2500_counts"
"chhigglj-1","Higher_than_2500_counts"
"chhiioko-1","Higher_than_2500_counts"
"chiijbfn-1","Higher_than_2500_counts"
"chjkjcee-1","Higher_than_2500_counts"
"chjlfnac-1","Higher_than_2500_counts"
"chkcoojl-1","Higher_than_2500_counts"
"chldmamf-1","Higher_than_2500_counts"
"chlfdfhp-1","Higher_than_2500_counts"
"chlgjonm-1","Higher_than_2500_counts"
"chmlhlnf-1","Higher_than_2500_counts"
"chndgmfm-1","Higher_than_2500_counts"
"choabepe-1","Higher_than_2500_counts"
"cipanodc-1","Higher_than_2500_counts"
"cipcmkpj-1","Higher_than_2500_counts"
"cipjgjdh-1","Higher_than_2500_counts"
"cjdnfhpm-1","Higher_than_2500_counts"
"cjifnjpa-1","Higher_than_2500_counts"
"cjldhebi-1","Higher_than_2500_counts"
"cjleehid-1","Higher_than_2500_counts"
"cjlikmfb-1","Higher_than_2500_counts"
"cjlodbhe-1","Higher_than_2500_counts"
"cjmdoeon-1","Higher_than_2500_counts"
"cjnanbca-1","Higher_than_2500_counts"
"cjoaoohj-1","Higher_than_2500_counts"
"cjpbfpoe-1","Higher_than_2500_counts"
"cjpbikgp-1","Higher_than_2500_counts"
"cjpbnjod-1","Higher_than_2500_counts"
"cjpgobdi-1","Higher_than_2500_counts"
"ckaopknp-1","Higher_than_2500_counts"
"ckapgone-1","Higher_than_2500_counts"
"ckbhacea-1","Higher_than_2500_counts"
"ckblpeob-1","Higher_than_2500_counts"
"clcnodlk-1","Higher_than_2500_counts"
"clefnldb-1","Higher_than_2500_counts"
"clekgikk-1","Higher_than_2500_counts"
"clhaecob-1","Higher_than_2500_counts"
"cmapmmai-1","Higher_than_2500_counts"
"cmcaolmn-1","Higher_than_2500_counts"
"cmccmnfd-1","Higher_than_2500_counts"
"cmddkapk-1","Higher_than_2500_counts"
"cmdndhdk-1","Higher_than_2500_counts"
"cmefhafc-1","Higher_than_2500_counts"
"cmikbagl-1","Higher_than_2500_counts"
"cmklbheb-1","Higher_than_2500_counts"
"cmmngmka-1","Higher_than_2500_counts"
"cmpiandf-1","Higher_than_2500_counts"
"cmpojegg-1","Higher_than_2500_counts"
"cncjcbgj-1","Higher_than_2500_counts"
"cncmdfal-1","Higher_than_2500_counts"
"cndnbgmp-1","Higher_than_2500_counts"
"cnhpfjjm-1","Higher_than_2500_counts"
"cnllfbei-1","Higher_than_2500_counts"
"codklnhe-1","Higher_than_2500_counts"
"coefhcam-1","Higher_than_2500_counts"
"coeghfnh-1","Higher_than_2500_counts"
"cphnhjaa-1","Higher_than_2500_counts"
"cpjdeokk-1","Higher_than_2500_counts"
"cppckppf-1","Higher_than_2500_counts"
"cppgfpjc-1","Higher_than_2500_counts"
"cppmijog-1","Higher_than_2500_counts"
"dabaaefo-1","Higher_than_2500_counts"
"daceckce-1","Higher_than_2500_counts"
"dafobhfj-1","Higher_than_2500_counts"
"dagccbbi-1","Higher_than_2500_counts"
"dapkieep-1","Higher_than_2500_counts"
"dbejoejg-1","Higher_than_2500_counts"
"dbglmlde-1","Higher_than_2500_counts"
"dbhofdik-1","Higher_than_2500_counts"
"dbjheaof-1","Higher_than_2500_counts"
"dbnifigj-1","Higher_than_2500_counts"
"dbpjhpkb-1","Higher_than_2500_counts"
"dcgpmohh-1","Higher_than_2500_counts"
"dcknmfih-1","Higher_than_2500_counts"
"dcnejnmb-1","Higher_than_2500_counts"
"ddfcbmfo-1","Higher_than_2500_counts"
"ddglbdbl-1","Higher_than_2500_counts"
"ddljpeho-1","Higher_than_2500_counts"
"ddmflobp-1","Higher_than_2500_counts"
"ddmijkpp-1","Higher_than_2500_counts"
"ddmloaoj-1","Higher_than_2500_counts"
"dealkmcp-1","Higher_than_2500_counts"
"decejfph-1","Higher_than_2500_counts"
"dedbmdhn-1","Higher_than_2500_counts"
"dedbmmfh-1","Higher_than_2500_counts"
"deebmkle-1","Higher_than_2500_counts"
"dehbhdfa-1","Higher_than_2500_counts"
"deifblci-1","Higher_than_2500_counts"
"dejgjcoj-1","Higher_than_2500_counts"
"dejhdgnj-1","Higher_than_2500_counts"
"denogmoj-1","Higher_than_2500_counts"
"dfackkgp-1","Higher_than_2500_counts"
"dfhldiji-1","Higher_than_2500_counts"
"dfhnllpd-1","Higher_than_2500_counts"
"dfiepcao-1","Higher_than_2500_counts"
"dfjcadna-1","Higher_than_2500_counts"
"dfpcbmjo-1","Higher_than_2500_counts"
"dfpjjfmh-1","Higher_than_2500_counts"
"dgadpoda-1","Higher_than_2500_counts"
"dgdcmgpb-1","Higher_than_2500_counts"
"dgeapbpe-1","Higher_than_2500_counts"
"dgikaela-1","Higher_than_2500_counts"
"dgjbcfnf-1","Higher_than_2500_counts"
"dgjnnfmn-1","Higher_than_2500_counts"
"dhbmeddo-1","Higher_than_2500_counts"
"dhbokmlo-1","Higher_than_2500_counts"
"dhfnpceo-1","Higher_than_2500_counts"
"dhfopmfo-1","Higher_than_2500_counts"
"dhjgihce-1","Higher_than_2500_counts"
"dhogacbn-1","Higher_than_2500_counts"
"dhogdpph-1","Higher_than_2500_counts"
"diachjhj-1","Higher_than_2500_counts"
"dielhjlg-1","Higher_than_2500_counts"
"dikpoeco-1","Higher_than_2500_counts"
"diokghon-1","Higher_than_2500_counts"
"dipbkfog-1","Higher_than_2500_counts"
"djbnhnac-1","Higher_than_2500_counts"
"djgoijfi-1","Higher_than_2500_counts"
"djjjjchf-1","Higher_than_2500_counts"
"djlhkleh-1","Higher_than_2500_counts"
"djnjdjdm-1","Higher_than_2500_counts"
"dkioehha-1","Higher_than_2500_counts"
"dkjficpb-1","Higher_than_2500_counts"
"dkjhpkbk-1","Higher_than_2500_counts"
"dkpfblmp-1","Higher_than_2500_counts"
"dlefaiho-1","Higher_than_2500_counts"
"dlfbifca-1","Higher_than_2500_counts"
"dlflklje-1","Higher_than_2500_counts"
"dlijiahi-1","Higher_than_2500_counts"
"dliliegf-1","Higher_than_2500_counts"
"dmbaillk-1","Higher_than_2500_counts"
"dmdheogf-1","Higher_than_2500_counts"
"dmeffllh-1","Higher_than_2500_counts"
"dmnameph-1","Higher_than_2500_counts"
"dmogcbik-1","Higher_than_2500_counts"
"dmplbcgg-1","Higher_than_2500_counts"
"dncmpdha-1","Higher_than_2500_counts"
"dngmiheh-1","Higher_than_2500_counts"
"dnhlcjnc-1","Higher_than_2500_counts"
"dnhlepdb-1","Higher_than_2500_counts"
"dniclpkh-1","Higher_than_2500_counts"
"dnmfhefa-1","Higher_than_2500_counts"
"dnmfkeai-1","Higher_than_2500_counts"
"dnmpaknm-1","Higher_than_2500_counts"
"dnncijic-1","Higher_than_2500_counts"
"dnnhbcbk-1","Higher_than_2500_counts"
"dnnhfkgk-1","Higher_than_2500_counts"
"dobhbalk-1","Higher_than_2500_counts"
"dobhhpnp-1","Higher_than_2500_counts"
"dobincha-1","Higher_than_2500_counts"
"dobjfaih-1","Higher_than_2500_counts"
"dodjdhid-1","Higher_than_2500_counts"
"doeamled-1","Higher_than_2500_counts"
"dondalgi-1","Higher_than_2500_counts"
"dpfdgeca-1","Higher_than_2500_counts"
"eadagoha-1","Higher_than_2500_counts"
"eagphojd-1","Higher_than_2500_counts"
"ebibncko-1","Higher_than_2500_counts"
"ecjmjjoj-1","Higher_than_2500_counts"
"edgnfnhh-1","Higher_than_2500_counts"
"edmefbng-1","Higher_than_2500_counts"
"eeaidaci-1","Higher_than_2500_counts"
"eeajonnb-1","Higher_than_2500_counts"
"eeakkacj-1","Higher_than_2500_counts"
"eeamflgn-1","Higher_than_2500_counts"
"eeamjpno-1","Higher_than_2500_counts"
"eebfcihg-1","Higher_than_2500_counts"
"eeenbean-1","Higher_than_2500_counts"
"efedgpfp-1","Higher_than_2500_counts"
"efmoeagf-1","Higher_than_2500_counts"
"ehaipjlc-1","Higher_than_2500_counts"
"ehcappbp-1","Higher_than_2500_counts"
"ehjlpakk-1","Higher_than_2500_counts"
"ehkhfdbg-1","Higher_than_2500_counts"
"ehpgghce-1","Higher_than_2500_counts"
"eiaaldok-1","Higher_than_2500_counts"
"eieefcii-1","Higher_than_2500_counts"
"ejjgdomd-1","Higher_than_2500_counts"
"ejoekjbf-1","Higher_than_2500_counts"
"ejpnaebn-1","Higher_than_2500_counts"
"ekgkccog-1","Higher_than_2500_counts"
"ekjemepc-1","Higher_than_2500_counts"
"ekkghecl-1","Higher_than_2500_counts"
"ekplfpji-1","Higher_than_2500_counts"
"elppafcc-1","Higher_than_2500_counts"
"endpiikp-1","Higher_than_2500_counts"
"enfimldj-1","Higher_than_2500_counts"
"eocidofi-1","Higher_than_2500_counts"
"eofdnkmf-1","Higher_than_2500_counts"
"eojejjlh-1","Higher_than_2500_counts"
"eokmlkpm-1","Higher_than_2500_counts"
"eopphlek-1","Higher_than_2500_counts"
"fahdhpdf-1","Higher_than_2500_counts"
"fblgjncn-1","Higher_than_2500_counts"
"fbmempka-1","Higher_than_2500_counts"
"fcaakdmh-1","Higher_than_2500_counts"
"fcacjlkf-1","Higher_than_2500_counts"
"fcchfbha-1","Higher_than_2500_counts"
"fcejonnk-1","Higher_than_2500_counts"
"fehlpfnf-1","Higher_than_2500_counts"
"ffdjdacc-1","Higher_than_2500_counts"
"fgcgclgg-1","Higher_than_2500_counts"
"fgjcoeon-1","Higher_than_2500_counts"
"fhbmlfpl-1","Higher_than_2500_counts"
"fhciplhb-1","Higher_than_2500_counts"
"fhpggfce-1","Higher_than_2500_counts"
"fibjkkbc-1","Higher_than_2500_counts"
"fjibbnda-1","Higher_than_2500_counts"
"fjonmcdb-1","Higher_than_2500_counts"
"fkcjbbeh-1","Higher_than_2500_counts"
"fkphhjeh-1","Higher_than_2500_counts"
"flcemjli-1","Higher_than_2500_counts"
"fldjapln-1","Higher_than_2500_counts"
"fljplhjb-1","Higher_than_2500_counts"
"flkdhhfi-1","Higher_than_2500_counts"
"flpfgian-1","Higher_than_2500_counts"
"flpnjdon-1","Higher_than_2500_counts"
"fmclloem-1","Higher_than_2500_counts"
"fmedakcl-1","Higher_than_2500_counts"
"fnghoajd-1","Higher_than_2500_counts"
"foklandf-1","Higher_than_2500_counts"
"gbhcdiad-1","Higher_than_2500_counts"
"gbhhfbmb-1","Higher_than_2500_counts"
"gbmiikop-1","Higher_than_2500_counts"
"gbnbfpmd-1","Higher_than_2500_counts"
"gcbkpdcc-1","Higher_than_2500_counts"
"gcbofapm-1","Higher_than_2500_counts"
"gcccccab-1","Higher_than_2500_counts"
"gcdgffke-1","Higher_than_2500_counts"
"gcdlacpp-1","Higher_than_2500_counts"
"gcdlnlpc-1","Higher_than_2500_counts"
"gcfcahbo-1","Higher_than_2500_counts"
"gcgjokfj-1","Higher_than_2500_counts"
"gchaeelb-1","Higher_than_2500_counts"
"gchfjond-1","Higher_than_2500_counts"
"gcibgnee-1","Higher_than_2500_counts"
"gcpeigpp-1","Higher_than_2500_counts"
"gcpnpked-1","Higher_than_2500_counts"
"gdgbibol-1","Higher_than_2500_counts"
"gdkmblhn-1","Higher_than_2500_counts"
"gdmagcbn-1","Higher_than_2500_counts"
"gdpfmmpg-1","Higher_than_2500_counts"
"gecadgki-1","Higher_than_2500_counts"
"gfabjllo-1","Higher_than_2500_counts"
"gfenfmof-1","Higher_than_2500_counts"
"ggdokfed-1","Higher_than_2500_counts"
"ggojhffb-1","Higher_than_2500_counts"
"ghdllnmh-1","Higher_than_2500_counts"
"ghelbfgd-1","Higher_than_2500_counts"
"ghfjkkgo-1","Higher_than_2500_counts"
"ghojnjie-1","Higher_than_2500_counts"
"gjdlimpm-1","Higher_than_2500_counts"
"gjfhlahd-1","Higher_than_2500_counts"
"gnaidhdb-1","Higher_than_2500_counts"
"gnfikgbi-1","Higher_than_2500_counts"
"hackaage-1","Higher_than_2500_counts"
"haefhijo-1","Higher_than_2500_counts"
"haimeegn-1","Higher_than_2500_counts"
"hakgnmfm-1","Higher_than_2500_counts"
"hamcckhk-1","Higher_than_2500_counts"
"haoennjh-1","Higher_than_2500_counts"
"hbblalkd-1","Higher_than_2500_counts"
"hbedkjoj-1","Higher_than_2500_counts"
"hbidaofk-1","Higher_than_2500_counts"
"hbjbfdka-1","Higher_than_2500_counts"
"hbliodmj-1","Higher_than_2500_counts"
"hcgaejbb-1","Higher_than_2500_counts"
"hcmkhhoh-1","Higher_than_2500_counts"
"hdblfhic-1","Higher_than_2500_counts"
"hdoljmkp-1","Higher_than_2500_counts"
"heepdhal-1","Higher_than_2500_counts"
"henbjkhh-1","Higher_than_2500_counts"
"hfddnhhc-1","Higher_than_2500_counts"
"hfjnodcc-1","Higher_than_2500_counts"
"hgnbpckh-1","Higher_than_2500_counts"
"hhjijnan-1","Higher_than_2500_counts"
"hhknjhbg-1","Higher_than_2500_counts"
"hicenhkd-1","Higher_than_2500_counts"
"hiddpmid-1","Higher_than_2500_counts"
"hiemoipd-1","Higher_than_2500_counts"
"higpjbid-1","Higher_than_2500_counts"
"hjnfijcm-1","Higher_than_2500_counts"
"hkaikpnm-1","Higher_than_2500_counts"
"hkfflgpi-1","Higher_than_2500_counts"
"hkinfdog-1","Higher_than_2500_counts"
"hkpofeni-1","Higher_than_2500_counts"
"hlaeiidg-1","Higher_than_2500_counts"
"hlclnppf-1","Higher_than_2500_counts"
"hldggnbl-1","Higher_than_2500_counts"
"hlibalgk-1","Higher_than_2500_counts"
"hllgldeg-1","Higher_than_2500_counts"
"hlnmboco-1","Higher_than_2500_counts"
"hmaamoje-1","Higher_than_2500_counts"
"hoonkdep-1","Higher_than_2500_counts"
"hpghohce-1","Higher_than_2500_counts"
"hpgpmdef-1","Higher_than_2500_counts"
"ifelfgdo-1","Higher_than_2500_counts"
"iflemncf-1","Higher_than_2500_counts"
"iflffcie-1","Higher_than_2500_counts"
"ijfdggem-1","Higher_than_2500_counts"
"jadoanmh-1","Higher_than_2500_counts"
"jaogofaf-1","Higher_than_2500_counts"
"jbibppji-1","Higher_than_2500_counts"
"jddgjild-1","Higher_than_2500_counts"
"jehhnkeg-1","Higher_than_2500_counts"
"jeiijalp-1","Higher_than_2500_counts"
"jfpbmmee-1","Higher_than_2500_counts"
"jfpdfako-1","Higher_than_2500_counts"
"jggellhi-1","Higher_than_2500_counts"
"jgghbalp-1","Higher_than_2500_counts"
"jjpkogil-1","Higher_than_2500_counts"
"jkjemoid-1","Higher_than_2500_counts"
"jkojhmgd-1","Higher_than_2500_counts"
"jmjkbebk-1","Higher_than_2500_counts"
"jpceljca-1","Higher_than_2500_counts"
"jpggipkc-1","Higher_than_2500_counts"
"kbalkjnb-1","Higher_than_2500_counts"
"kcbnjdpd-1","Higher_than_2500_counts"
"kdahndgj-1","Higher_than_2500_counts"
"kdkkiplo-1","Higher_than_2500_counts"
"kecplohn-1","Higher_than_2500_counts"
"kfpjmpdj-1","Higher_than_2500_counts"
"kgbmjagf-1","Higher_than_2500_counts"
"kgibilla-1","Higher_than_2500_counts"
"knkmfdca-1","Higher_than_2500_counts"
"kobonhmj-1","Higher_than_2500_counts"
"kolbhagp-1","Higher_than_2500_counts"
"koldbkkn-1","Higher_than_2500_counts"
"komlldgd-1","Higher_than_2500_counts"
"konchijp-1","Higher_than_2500_counts"
"konodlnd-1","Higher_than_2500_counts"
"kphegpcd-1","Higher_than_2500_counts"
"kphfmeoe-1","Higher_than_2500_counts"
"ldemheig-1","Higher_than_2500_counts"
"ldepabfh-1","Higher_than_2500_counts"
"ldgopemf-1","Higher_than_2500_counts"
"ldpmldjk-1","Higher_than_2500_counts"
"leaccfpb-1","Higher_than_2500_counts"
"leameojn-1","Higher_than_2500_counts"
"leapedce-1","Higher_than_2500_counts"
"lfdplcel-1","Higher_than_2500_counts"
"lfeagipj-1","Higher_than_2500_counts"
"lfelmiai-1","Higher_than_2500_counts"
"lffdicfg-1","Higher_than_2500_counts"
"lfghkdfe-1","Higher_than_2500_counts"
"lfgjlkgn-1","Higher_than_2500_counts"
"lfgmhabi-1","Higher_than_2500_counts"
"lfhmgpcg-1","Higher_than_2500_counts"
"lfiaedjj-1","Higher_than_2500_counts"
"lfiahied-1","Higher_than_2500_counts"
"lfiemgjg-1","Higher_than_2500_counts"
"lfjdmofe-1","Higher_than_2500_counts"
"lfjeihmd-1","Higher_than_2500_counts"
"lfjkekjd-1","Higher_than_2500_counts"
"lfjkjlfi-1","Higher_than_2500_counts"
"lfkabpce-1","Higher_than_2500_counts"
"lfklcoip-1","Higher_than_2500_counts"
"lfknelgp-1","Higher_than_2500_counts"
"lflhojdo-1","Higher_than_2500_counts"
"lfmadiki-1","Higher_than_2500_counts"
"lfofhaof-1","Higher_than_2500_counts"
"lfpghjco-1","Higher_than_2500_counts"
"lgackfed-1","Higher_than_2500_counts"
"lgadegac-1","Higher_than_2500_counts"
"lgajknmm-1","Higher_than_2500_counts"
"lgbcopfi-1","Higher_than_2500_counts"
"lgbeoefn-1","Higher_than_2500_counts"
"lghpfeeo-1","Higher_than_2500_counts"
"lgicgjci-1","Higher_than_2500_counts"
"lgihlhno-1","Higher_than_2500_counts"
"lgijjemj-1","Higher_than_2500_counts"
"lgiodkno-1","Higher_than_2500_counts"
"lgjoingl-1","Higher_than_2500_counts"
"lgkbompk-1","Higher_than_2500_counts"
"lgkeippc-1","Higher_than_2500_counts"
"lgkfmppd-1","Higher_than_2500_counts"
"lglfkhnn-1","Higher_than_2500_counts"
"lglikkok-1","Higher_than_2500_counts"
"lgliogpa-1","Higher_than_2500_counts"
"lglnobba-1","Higher_than_2500_counts"
"lglocmcc-1","Higher_than_2500_counts"
"lgmdpdfa-1","Higher_than_2500_counts"
"lgmhklmc-1","Higher_than_2500_counts"
"lgmkpbda-1","Higher_than_2500_counts"
"lgnfndma-1","Higher_than_2500_counts"
"lgnmngek-1","Higher_than_2500_counts"
"ljhpjgbg-1","Higher_than_2500_counts"
"ljocnhnd-1","Higher_than_2500_counts"
"lkdngmcd-1","Higher_than_2500_counts"
"lkoahecp-1","Higher_than_2500_counts"
"lkopppka-1","Higher_than_2500_counts"
"llfneefp-1","Higher_than_2500_counts"
"llfpajkd-1","Higher_than_2500_counts"
"llfplpea-1","Higher_than_2500_counts"
"llgaobim-1","Higher_than_2500_counts"
"llgapajg-1","Higher_than_2500_counts"
"llgclcnm-1","Higher_than_2500_counts"
"llgdkifh-1","Higher_than_2500_counts"
"llhighmb-1","Higher_than_2500_counts"
"llhlokgc-1","Higher_than_2500_counts"
"lnmmmfgc-1","Higher_than_2500_counts"
"loollagh-1","Higher_than_2500_counts"
"lpiaocch-1","Higher_than_2500_counts"
"malklhcg-1","Higher_than_2500_counts"
"mcacdgjm-1","Higher_than_2500_counts"
"mcbnckld-1","Higher_than_2500_counts"
"mcpidjfk-1","Higher_than_2500_counts"
"mdgaeaep-1","Higher_than_2500_counts"
"mdgdllgd-1","Higher_than_2500_counts"
"meeoobci-1","Higher_than_2500_counts"
"mfokoaoh-1","Higher_than_2500_counts"
"mhjembmj-1","Higher_than_2500_counts"
"mhmbekig-1","Higher_than_2500_counts"
"mlmeajja-1","Higher_than_2500_counts"
"mndifndj-1","Higher_than_2500_counts"
"mngfkbdm-1","Higher_than_2500_counts"
"mpcnidep-1","Higher_than_2500_counts"
"mpdmkofd-1","Higher_than_2500_counts"
"nangohgd-1","Higher_than_2500_counts"
"nbdafmnj-1","Higher_than_2500_counts"
"nckehnpo-1","Higher_than_2500_counts"
"nhaabpjk-1","Higher_than_2500_counts"
"nhbgahea-1","Higher_than_2500_counts"
"nhdnpjdn-1","Higher_than_2500_counts"
"nibboold-1","Higher_than_2500_counts"
"nibjoeap-1","Higher_than_2500_counts"
"niblgdjj-1","Higher_than_2500_counts"
"nigklnhm-1","Higher_than_2500_counts"
"nimnhjlo-1","Higher_than_2500_counts"
"njdmfjid-1","Higher_than_2500_counts"
"njelhkhh-1","Higher_than_2500_counts"
"nmpihiaa-1","Higher_than_2500_counts"
"nngfhald-1","Higher_than_2500_counts"
"nnhmgchp-1","Higher_than_2500_counts"
"nnmfhpma-1","Higher_than_2500_counts"
"nooablao-1","Higher_than_2500_counts"
"npdalkmi-1","Higher_than_2500_counts"
"npeifcip-1","Higher_than_2500_counts"
"npgkilej-1","Higher_than_2500_counts"
"npglbkpn-1","Higher_than_2500_counts"
"nphmobip-1","Higher_than_2500_counts"
"oacdejok-1","Higher_than_2500_counts"
"oainpppc-1","Higher_than_2500_counts"
"occlhojb-1","Higher_than_2500_counts"
"ocdleeml-1","Higher_than_2500_counts"
"ocejjcei-1","Higher_than_2500_counts"
"odhgaifg-1","Higher_than_2500_counts"
"odmjiaei-1","Higher_than_2500_counts"
"oeaolmoe-1","Higher_than_2500_counts"
"oebmadaf-1","Higher_than_2500_counts"
"oecfgkna-1","Higher_than_2500_counts"
"oededhbi-1","Higher_than_2500_counts"
"oegffjcn-1","Higher_than_2500_counts"
"ogibpood-1","Higher_than_2500_counts"
